Workbook

Sheet Summary
A1: NetShield - Network Traffic Summary
A2: All figures are live formulas linked to the Data sheet.
A4: Total flows | B4: =COUNTA(Data!$A$2:$A$1201) -> 0
A5: Unusual flows | B5: =SUM(Data!$X$2:$X$1201) -> 0
A6: Overall unusual rate | B6: =B5/B4 -> 0
A7: Average bytes (normal) | B7: =AVERAGEIFS(Data!$E$2:$E$1201,Data!$X$2:$X$1201,0) -> 0
A8: Average bytes (unusual) | B8: =AVERAGEIFS(Data!$E$2:$E$1201,Data!$X$2:$X$1201,1) -> 0
A9: Median bytes (normal) | B9: {=MEDIAN(IF(Data!$X$2:$X$1201=0,Data!$E$2:$E$1201))} -> 0
A10: Median bytes (unusual) | B10: {=MEDIAN(IF(Data!$X$2:$X$1201=1,Data!$E$2:$E$1201))} -> 0
A12: Highest unusual rate by dimension
A13: Dimension | B13: Top category | C13: Unusual rate
A14: Protocol | B14: =INDEX(Protocol!$A$4:$A$7,MATCH(MAX(Protocol!$D$4:$D$7),Protocol!$D$4:$D$7,0)) -> 0 | C14: =MAX(Protocol!$D$4:$D$7) -> 0
A15: Hour | B15: =INDEX(Hourly!$A$4:$A$27,MATCH(MAX(Hourly!$D$4:$D$27),Hourly!$D$4:$D$27,0)) -> 0 | C15: =MAX(Hourly!$D$4:$D$27) -> 0
A16: Source zone | B16: =INDEX(Zones!$A$4:$A$6,MATCH(MAX(Zones!$D$4:$D$6),Zones!$D$4:$D$6,0)) -> 0 | C16: =MAX(Zones!$D$4:$D$6) -> 0
A17: Destination zone | B17: =INDEX(DestZones!$A$4:$A$6,MATCH(MAX(DestZones!$D$4:$D$6),DestZones!$D$4:$D$6,0)) -> 0 | C17: =MAX(DestZones!$D$4:$D$6) -> 0
A18: Port category | B18: =INDEX(Ports!$A$4:$A$9,MATCH(MAX(Ports!$D$4:$D$9),Ports!$D$4:$D$9,0)) -> 0 | C18: =MAX(Ports!$D$4:$D$9) -> 0
A19: Host group | B19: =INDEX(HostGroups!$A$4:$A$7,MATCH(MAX(HostGroups!$D$4:$D$7),HostGroups!$D$4:$D$7,0)) -> 0 | C19: =MAX(HostGroups!$D$4:$D$7) -> 0

Sheet Data
A1: flow_id | B1: timestamp | C1: protocol | D1: duration | E1: bytes | F1: packets | G1: host_group | H1: session_id | I1: label | J1: network_zone | K1: source_zone | L1: destination_zone | M1: port_category | N1: hour | O1: weekday | P1: maintenance_window | Q1: bytes_per_second | R1: packets_per_second | S1: bytes_per_packet | T1: is_weekend | U1: is_off_hours | V1: extreme_bytes_flag | W1: log_bytes | X1: is_unusual
A2: F00000 | B2: 2026-09-01 00:00:00 | C2: UDP | D2: 1.1 | E2: 2587 | F2: 18 | G2: lab_devices | H2: S00000 | I2: normal | J2: internal | K2: external | L2: internal | M2: ssh | N2: 0 | O2: 1 | P2: 0 | Q2: 2351.8182 | R2: 16.363636 | S2: 143.72222 | T2: 0 | U2: 1 | V2: 0 | W2: 7.8586407 | X2: 0
A3: F00001 | B3: 2026-09-01 00:05:00 | C3: TCP | D3: 0.725 | E3: 1927 | F3: 16 | G3: servers | H3: S00001 | I3: normal | J3: dmz | K3: external | L3: internal | M3: other | N3: 0 | O3: 1 | P3: 0 | Q3: 2657.931 | R3: 22.068966 | S3: 120.4375 | T3: 0 | U3: 1 | V3: 0 | W3: 7.5642385 | X3: 0
A4: F00002 | B4: 2026-09-01 00:10:00 | C4: TCP | D4: 4.916 | E4: 950 | F4: 20 | G4: servers | H4: S00002 | I4: policy_event | J4: dmz | K4: external | L4: external | M4: ephemeral | N4: 0 | O4: 1 | P4: 0 | Q4: 193.24654 | R4: 4.0683483 | S4: 47.5 | T4: 0 | U4: 1 | V4: 0 | W4: 6.8575141 | X4: 1
A5: F00003 | B5: 2026-09-01 00:15:00 | C5: TCP | D5: 1.54 | E5: 5195 | F5: 43 | G5: guest_network | H5: S00003 | I5: burst | J5: external | K5: external | L5: dmz | M5: ephemeral | N5: 0 | O5: 1 | P5: 0 | Q5: 3373.3766 | R5: 27.922078 | S5: 120.81395 | T5: 0 | U5: 1 | V5: 0 | W5: 8.5556444 | X5: 1
A6: F00004 | B6: 2026-09-01 00:20:00 | C6: ICMP | D6: 4.388 | E6: 1020 | F6: 18 | G6: lab_devices | H6: S00004 | I6: normal | J6: internal | K6: internal | L6: internal | M6: other | N6: 0 | O6: 1 | P6: 0 | Q6: 232.45214 | R6: 4.1020966 | S6: 56.666667 | T6: 0 | U6: 1 | V6: 0 | W6: 6.9285378 | X6: 0
A7: F00005 | B7: 2026-09-01 00:25:00 | C7: UDP | D7: 4.857 | E7: 2526 | F7: 12 | G7: lab_devices | H7: S00005 | I7: normal | J7: internal | K7: internal | L7: internal | M7: other | N7: 0 | O7: 1 | P7: 0 | Q7: 520.07412 | R7: 2.4706609 | S7: 210.5 | T7: 0 | U7: 1 | V7: 0 | W7: 7.8347881 | X7: 0
A8: F00006 | B8: 2026-09-01 00:30:00 | C8: TCP | D8: 1.696 | E8: 4985 | F8: 17 | G8: lab_devices | H8: S00006 | I8: normal | J8: internal | K8: internal | L8: internal | M8: ephemeral | N8: 0 | O8: 1 | P8: 0 | Q8: 2939.2689 | R8: 10.023585 | S8: 293.23529 | T8: 0 | U8: 1 | V8: 0 | W8: 8.5143893 | X8: 0
A9: F00007 | B9: 2026-09-01 00:35:00 | C9: TCP | D9: 6.403 | E9: 1067 | F9: 12 | G9: workstations | H9: S00007 | I9: normal | J9: internal | K9: internal | L9: external | M9: other | N9: 0 | O9: 1 | P9: 0 | Q9: 166.64064 | R9: 1.8741215 | S9: 88.916667 | T9: 0 | U9: 1 | V9: 0 | W9: 6.973543 | X9: 0
A10: F00008 | B10: 2026-09-01 00:40:00 | C10: TCP | D10: 7.233 | E10: 10224 | F10: 22 | G10: workstations | H10: S00008 | I10: normal | J10: internal | K10: internal | L10: internal | M10: ephemeral | N10: 0 | O10: 1 | P10: 0 | Q10: 1413.5214 | R10: 3.0416148 | S10: 464.72727 | T10: 0 | U10: 1 | V10: 1 | W10: 9.232591 | X10: 0
A11: F00009 | B11: 2026-09-01 00:45:00 | C11: ICMP | D11: 3.284 | E11: 495 | F11: 18 | G11: workstations | H11: S00009 | I11: normal | J11: internal | K11: external | L11: internal | M11: ephemeral | N11: 0 | O11: 1 | P11: 0 | Q11: 150.73082 | R11: 5.4811206 | S11: 27.5 | T11: 0 | U11: 1 | V11: 0 | W11: 6.2065759 | X11: 0
A12: F00010 | B12: 2026-09-01 00:50:00 | C12: TCP | D12: 5.143 | E12: 2014 | F12: 17 | G12: lab_devices | H12: S00010 | I12: normal | J12: internal | K12: internal | L12: internal | M12: other | N12: 0 | O12: 1 | P12: 0 | Q12: 391.60023 | R12: 3.3054637 | S12: 118.47059 | T12: 0 | U12: 1 | V12: 0 | W12: 7.6083745 | X12: 0
A13: F00011 | B13: 2026-09-01 00:55:00 | C13: TCP | D13: 2.372 | E13: 1467 | F13: 16 | G13: guest_network | H13: S00011 | I13: normal | J13: external | K13: internal | L13: internal | M13: dns | N13: 0 | O13: 1 | P13: 0 | Q13: 618.46543 | R13: 6.7453626 | S13: 91.6875 | T13: 0 | U13: 1 | V13: 0 | W13: 7.2916562 | X13: 0
... A1201: F01199 | B1201: 2026-09-05 03:55:00 | C1201: TCP | D1201: 6.053 | E1201: 1711 | F1201: 18 | G1201: servers | H1201: S01199 | I1201: normal | J1201: dmz | K1201: dmz | L1201: dmz | M1201: ephemeral | N1201: 3 | O1201: 5 | P1201: 0 | Q1201: 282.66975 | R1201: 2.973732 | S1201: 95.055556 | T1201: 1 | U1201: 1 | V1201: 0 | W1201: 7.4454176 | X1201: 0

Sheet Protocol
A1: Protocol distribution
A3: protocol | B3: Total flows | C3: Unusual flows | D3: Unusual rate | E3: Avg bytes | F3: Share of traffic
A4: ICMP | B4: =COUNTIF(Data!$C$2:$C$1201,A4) -> 0 | C4: =COUNTIFS(Data!$C$2:$C$1201,A4,Data!$X$2:$X$1201,1) -> 0 | D4: =IF(B4=0,0,C4/B4) -> 0 | E4: =AVERAGEIF(Data!$C$2:$C$1201,A4,Data!$E$2:$E$1201) -> 0 | F4: =B4/SUM($B$4:$B$7) -> 0
A5: TCP | B5: =COUNTIF(Data!$C$2:$C$1201,A5) -> 0 | C5: =COUNTIFS(Data!$C$2:$C$1201,A5,Data!$X$2:$X$1201,1) -> 0 | D5: =IF(B5=0,0,C5/B5) -> 0 | E5: =AVERAGEIF(Data!$C$2:$C$1201,A5,Data!$E$2:$E$1201) -> 0 | F5: =B5/SUM($B$4:$B$7) -> 0
A6: UDP | B6: =COUNTIF(Data!$C$2:$C$1201,A6) -> 0 | C6: =COUNTIFS(Data!$C$2:$C$1201,A6,Data!$X$2:$X$1201,1) -> 0 | D6: =IF(B6=0,0,C6/B6) -> 0 | E6: =AVERAGEIF(Data!$C$2:$C$1201,A6,Data!$E$2:$E$1201) -> 0 | F6: =B6/SUM($B$4:$B$7) -> 0
A7: UNKNOWN | B7: =COUNTIF(Data!$C$2:$C$1201,A7) -> 0 | C7: =COUNTIFS(Data!$C$2:$C$1201,A7,Data!$X$2:$X$1201,1) -> 0 | D7: =IF(B7=0,0,C7/B7) -> 0 | E7: =AVERAGEIF(Data!$C$2:$C$1201,A7,Data!$E$2:$E$1201) -> 0 | F7: =B7/SUM($B$4:$B$7) -> 0

Sheet Hourly
A1: Hourly traffic
A3: hour | B3: Total flows | C3: Unusual flows | D3: Unusual rate | E3: Avg bytes | F3: Share of traffic
A4: 0 | B4: =COUNTIF(Data!$N$2:$N$1201,A4) -> 0 | C4: =COUNTIFS(Data!$N$2:$N$1201,A4,Data!$X$2:$X$1201,1) -> 0 | D4: =IF(B4=0,0,C4/B4) -> 0 | E4: =AVERAGEIF(Data!$N$2:$N$1201,A4,Data!$E$2:$E$1201) -> 0 | F4: =B4/SUM($B$4:$B$27) -> 0
A5: 1 | B5: =COUNTIF(Data!$N$2:$N$1201,A5) -> 0 | C5: =COUNTIFS(Data!$N$2:$N$1201,A5,Data!$X$2:$X$1201,1) -> 0 | D5: =IF(B5=0,0,C5/B5) -> 0 | E5: =AVERAGEIF(Data!$N$2:$N$1201,A5,Data!$E$2:$E$1201) -> 0 | F5: =B5/SUM($B$4:$B$27) -> 0
A6: 2 | B6: =COUNTIF(Data!$N$2:$N$1201,A6) -> 0 | C6: =COUNTIFS(Data!$N$2:$N$1201,A6,Data!$X$2:$X$1201,1) -> 0 | D6: =IF(B6=0,0,C6/B6) -> 0 | E6: =AVERAGEIF(Data!$N$2:$N$1201,A6,Data!$E$2:$E$1201) -> 0 | F6: =B6/SUM($B$4:$B$27) -> 0
A7: 3 | B7: =COUNTIF(Data!$N$2:$N$1201,A7) -> 0 | C7: =COUNTIFS(Data!$N$2:$N$1201,A7,Data!$X$2:$X$1201,1) -> 0 | D7: =IF(B7=0,0,C7/B7) -> 0 | E7: =AVERAGEIF(Data!$N$2:$N$1201,A7,Data!$E$2:$E$1201) -> 0 | F7: =B7/SUM($B$4:$B$27) -> 0
A8: 4 | B8: =COUNTIF(Data!$N$2:$N$1201,A8) -> 0 | C8: =COUNTIFS(Data!$N$2:$N$1201,A8,Data!$X$2:$X$1201,1) -> 0 | D8: =IF(B8=0,0,C8/B8) -> 0 | E8: =AVERAGEIF(Data!$N$2:$N$1201,A8,Data!$E$2:$E$1201) -> 0 | F8: =B8/SUM($B$4:$B$27) -> 0
A9: 5 | B9: =COUNTIF(Data!$N$2:$N$1201,A9) -> 0 | C9: =COUNTIFS(Data!$N$2:$N$1201,A9,Data!$X$2:$X$1201,1) -> 0 | D9: =IF(B9=0,0,C9/B9) -> 0 | E9: =AVERAGEIF(Data!$N$2:$N$1201,A9,Data!$E$2:$E$1201) -> 0 | F9: =B9/SUM($B$4:$B$27) -> 0
A10: 6 | B10: =COUNTIF(Data!$N$2:$N$1201,A10) -> 0 | C10: =COUNTIFS(Data!$N$2:$N$1201,A10,Data!$X$2:$X$1201,1) -> 0 | D10: =IF(B10=0,0,C10/B10) -> 0 | E10: =AVERAGEIF(Data!$N$2:$N$1201,A10,Data!$E$2:$E$1201) -> 0 | F10: =B10/SUM($B$4:$B$27) -> 0
A11: 7 | B11: =COUNTIF(Data!$N$2:$N$1201,A11) -> 0 | C11: =COUNTIFS(Data!$N$2:$N$1201,A11,Data!$X$2:$X$1201,1) -> 0 | D11: =IF(B11=0,0,C11/B11) -> 0 | E11: =AVERAGEIF(Data!$N$2:$N$1201,A11,Data!$E$2:$E$1201) -> 0 | F11: =B11/SUM($B$4:$B$27) -> 0
A12: 8 | B12: =COUNTIF(Data!$N$2:$N$1201,A12) -> 0 | C12: =COUNTIFS(Data!$N$2:$N$1201,A12,Data!$X$2:$X$1201,1) -> 0 | D12: =IF(B12=0,0,C12/B12) -> 0 | E12: =AVERAGEIF(Data!$N$2:$N$1201,A12,Data!$E$2:$E$1201) -> 0 | F12: =B12/SUM($B$4:$B$27) -> 0
A13: 9 | B13: =COUNTIF(Data!$N$2:$N$1201,A13) -> 0 | C13: =COUNTIFS(Data!$N$2:$N$1201,A13,Data!$X$2:$X$1201,1) -> 0 | D13: =IF(B13=0,0,C13/B13) -> 0 | E13: =AVERAGEIF(Data!$N$2:$N$1201,A13,Data!$E$2:$E$1201) -> 0 | F13: =B13/SUM($B$4:$B$27) -> 0
A14: 10 | B14: =COUNTIF(Data!$N$2:$N$1201,A14) -> 0 | C14: =COUNTIFS(Data!$N$2:$N$1201,A14,Data!$X$2:$X$1201,1) -> 0 | D14: =IF(B14=0,0,C14/B14) -> 0 | E14: =AVERAGEIF(Data!$N$2:$N$1201,A14,Data!$E$2:$E$1201) -> 0 | F14: =B14/SUM($B$4:$B$27) -> 0
A15: 11 | B15: =COUNTIF(Data!$N$2:$N$1201,A15) -> 0 | C15: =COUNTIFS(Data!$N$2:$N$1201,A15,Data!$X$2:$X$1201,1) -> 0 | D15: =IF(B15=0,0,C15/B15) -> 0 | E15: =AVERAGEIF(Data!$N$2:$N$1201,A15,Data!$E$2:$E$1201) -> 0 | F15: =B15/SUM($B$4:$B$27) -> 0
... A27: 23 | B27: =COUNTIF(Data!$N$2:$N$1201,A27) -> 0 | C27: =COUNTIFS(Data!$N$2:$N$1201,A27,Data!$X$2:$X$1201,1) -> 0 | D27: =IF(B27=0,0,C27/B27) -> 0 | E27: =AVERAGEIF(Data!$N$2:$N$1201,A27,Data!$E$2:$E$1201) -> 0 | F27: =B27/SUM($B$4:$B$27) -> 0

Sheet Zones
A1: Source zone comparison
A3: source_zone | B3: Total flows | C3: Unusual flows | D3: Unusual rate | E3: Avg bytes | F3: Share of traffic
A4: dmz | B4: =COUNTIF(Data!$K$2:$K$1201,A4) -> 0 | C4: =COUNTIFS(Data!$K$2:$K$1201,A4,Data!$X$2:$X$1201,1) -> 0 | D4: =IF(B4=0,0,C4/B4) -> 0 | E4: =AVERAGEIF(Data!$K$2:$K$1201,A4,Data!$E$2:$E$1201) -> 0 | F4: =B4/SUM($B$4:$B$6) -> 0
A5: external | B5: =COUNTIF(Data!$K$2:$K$1201,A5) -> 0 | C5: =COUNTIFS(Data!$K$2:$K$1201,A5,Data!$X$2:$X$1201,1) -> 0 | D5: =IF(B5=0,0,C5/B5) -> 0 | E5: =AVERAGEIF(Data!$K$2:$K$1201,A5,Data!$E$2:$E$1201) -> 0 | F5: =B5/SUM($B$4:$B$6) -> 0
A6: internal | B6: =COUNTIF(Data!$K$2:$K$1201,A6) -> 0 | C6: =COUNTIFS(Data!$K$2:$K$1201,A6,Data!$X$2:$X$1201,1) -> 0 | D6: =IF(B6=0,0,C6/B6) -> 0 | E6: =AVERAGEIF(Data!$K$2:$K$1201,A6,Data!$E$2:$E$1201) -> 0 | F6: =B6/SUM($B$4:$B$6) -> 0

Sheet DestZones
A1: Destination zone comparison
A3: destination_zone | B3: Total flows | C3: Unusual flows | D3: Unusual rate | E3: Avg bytes | F3: Share of traffic
A4: dmz | B4: =COUNTIF(Data!$L$2:$L$1201,A4) -> 0 | C4: =COUNTIFS(Data!$L$2:$L$1201,A4,Data!$X$2:$X$1201,1) -> 0 | D4: =IF(B4=0,0,C4/B4) -> 0 | E4: =AVERAGEIF(Data!$L$2:$L$1201,A4,Data!$E$2:$E$1201) -> 0 | F4: =B4/SUM($B$4:$B$6) -> 0
A5: external | B5: =COUNTIF(Data!$L$2:$L$1201,A5) -> 0 | C5: =COUNTIFS(Data!$L$2:$L$1201,A5,Data!$X$2:$X$1201,1) -> 0 | D5: =IF(B5=0,0,C5/B5) -> 0 | E5: =AVERAGEIF(Data!$L$2:$L$1201,A5,Data!$E$2:$E$1201) -> 0 | F5: =B5/SUM($B$4:$B$6) -> 0
A6: internal | B6: =COUNTIF(Data!$L$2:$L$1201,A6) -> 0 | C6: =COUNTIFS(Data!$L$2:$L$1201,A6,Data!$X$2:$X$1201,1) -> 0 | D6: =IF(B6=0,0,C6/B6) -> 0 | E6: =AVERAGEIF(Data!$L$2:$L$1201,A6,Data!$E$2:$E$1201) -> 0 | F6: =B6/SUM($B$4:$B$6) -> 0

Sheet Ports
A1: Port category analysis
A3: port_category | B3: Total flows | C3: Unusual flows | D3: Unusual rate | E3: Avg bytes | F3: Share of traffic
A4: database | B4: =COUNTIF(Data!$M$2:$M$1201,A4) -> 0 | C4: =COUNTIFS(Data!$M$2:$M$1201,A4,Data!$X$2:$X$1201,1) -> 0 | D4: =IF(B4=0,0,C4/B4) -> 0 | E4: =AVERAGEIF(Data!$M$2:$M$1201,A4,Data!$E$2:$E$1201) -> 0 | F4: =B4/SUM($B$4:$B$9) -> 0
A5: dns | B5: =COUNTIF(Data!$M$2:$M$1201,A5) -> 0 | C5: =COUNTIFS(Data!$M$2:$M$1201,A5,Data!$X$2:$X$1201,1) -> 0 | D5: =IF(B5=0,0,C5/B5) -> 0 | E5: =AVERAGEIF(Data!$M$2:$M$1201,A5,Data!$E$2:$E$1201) -> 0 | F5: =B5/SUM($B$4:$B$9) -> 0
A6: ephemeral | B6: =COUNTIF(Data!$M$2:$M$1201,A6) -> 0 | C6: =COUNTIFS(Data!$M$2:$M$1201,A6,Data!$X$2:$X$1201,1) -> 0 | D6: =IF(B6=0,0,C6/B6) -> 0 | E6: =AVERAGEIF(Data!$M$2:$M$1201,A6,Data!$E$2:$E$1201) -> 0 | F6: =B6/SUM($B$4:$B$9) -> 0
A7: other | B7: =COUNTIF(Data!$M$2:$M$1201,A7) -> 0 | C7: =COUNTIFS(Data!$M$2:$M$1201,A7,Data!$X$2:$X$1201,1) -> 0 | D7: =IF(B7=0,0,C7/B7) -> 0 | E7: =AVERAGEIF(Data!$M$2:$M$1201,A7,Data!$E$2:$E$1201) -> 0 | F7: =B7/SUM($B$4:$B$9) -> 0
A8: ssh | B8: =COUNTIF(Data!$M$2:$M$1201,A8) -> 0 | C8: =COUNTIFS(Data!$M$2:$M$1201,A8,Data!$X$2:$X$1201,1) -> 0 | D8: =IF(B8=0,0,C8/B8) -> 0 | E8: =AVERAGEIF(Data!$M$2:$M$1201,A8,Data!$E$2:$E$1201) -> 0 | F8: =B8/SUM($B$4:$B$9) -> 0
A9: web | B9: =COUNTIF(Data!$M$2:$M$1201,A9) -> 0 | C9: =COUNTIFS(Data!$M$2:$M$1201,A9,Data!$X$2:$X$1201,1) -> 0 | D9: =IF(B9=0,0,C9/B9) -> 0 | E9: =AVERAGEIF(Data!$M$2:$M$1201,A9,Data!$E$2:$E$1201) -> 0 | F9: =B9/SUM($B$4:$B$9) -> 0

Sheet HostGroups
A1: Host-group alert summary
A3: host_group | B3: Total flows | C3: Unusual flows | D3: Unusual rate | E3: Avg bytes | F3: Share of traffic
A4: guest_network | B4: =COUNTIF(Data!$G$2:$G$1201,A4) -> 0 | C4: =COUNTIFS(Data!$G$2:$G$1201,A4,Data!$X$2:$X$1201,1) -> 0 | D4: =IF(B4=0,0,C4/B4) -> 0 | E4: =AVERAGEIF(Data!$G$2:$G$1201,A4,Data!$E$2:$E$1201) -> 0 | F4: =B4/SUM($B$4:$B$7) -> 0
A5: lab_devices | B5: =COUNTIF(Data!$G$2:$G$1201,A5) -> 0 | C5: =COUNTIFS(Data!$G$2:$G$1201,A5,Data!$X$2:$X$1201,1) -> 0 | D5: =IF(B5=0,0,C5/B5) -> 0 | E5: =AVERAGEIF(Data!$G$2:$G$1201,A5,Data!$E$2:$E$1201) -> 0 | F5: =B5/SUM($B$4:$B$7) -> 0
A6: servers | B6: =COUNTIF(Data!$G$2:$G$1201,A6) -> 0 | C6: =COUNTIFS(Data!$G$2:$G$1201,A6,Data!$X$2:$X$1201,1) -> 0 | D6: =IF(B6=0,0,C6/B6) -> 0 | E6: =AVERAGEIF(Data!$G$2:$G$1201,A6,Data!$E$2:$E$1201) -> 0 | F6: =B6/SUM($B$4:$B$7) -> 0
A7: workstations | B7: =COUNTIF(Data!$G$2:$G$1201,A7) -> 0 | C7: =COUNTIFS(Data!$G$2:$G$1201,A7,Data!$X$2:$X$1201,1) -> 0 | D7: =IF(B7=0,0,C7/B7) -> 0 | E7: =AVERAGEIF(Data!$G$2:$G$1201,A7,Data!$E$2:$E$1201) -> 0 | F7: =B7/SUM($B$4:$B$7) -> 0

Sheet Maintenance
A1: Maintenance window (1 = inside)
A3: maintenance_window | B3: Total flows | C3: Unusual flows | D3: Unusual rate | E3: Avg bytes | F3: Share of traffic
A4: 0 | B4: =COUNTIF(Data!$P$2:$P$1201,A4) -> 0 | C4: =COUNTIFS(Data!$P$2:$P$1201,A4,Data!$X$2:$X$1201,1) -> 0 | D4: =IF(B4=0,0,C4/B4) -> 0 | E4: =AVERAGEIF(Data!$P$2:$P$1201,A4,Data!$E$2:$E$1201) -> 0 | F4: =B4/SUM($B$4:$B$5) -> 0
A5: 1 | B5: =COUNTIF(Data!$P$2:$P$1201,A5) -> 0 | C5: =COUNTIFS(Data!$P$2:$P$1201,A5,Data!$X$2:$X$1201,1) -> 0 | D5: =IF(B5=0,0,C5/B5) -> 0 | E5: =AVERAGEIF(Data!$P$2:$P$1201,A5,Data!$E$2:$E$1201) -> 0 | F5: =B5/SUM($B$4:$B$5) -> 0

Sheet Labels
A1: Event category distribution
A3: label | B3: Flows | C3: Share
A4: burst | B4: =COUNTIF(Data!$I$2:$I$1201,A4) -> 0 | C4: =B4/SUM($B$4:$B$7) -> 0
A5: normal | B5: =COUNTIF(Data!$I$2:$I$1201,A5) -> 0 | C5: =B5/SUM($B$4:$B$7) -> 0
A6: policy_event | B6: =COUNTIF(Data!$I$2:$I$1201,A6) -> 0 | C6: =B6/SUM($B$4:$B$7) -> 0
A7: scan | B7: =COUNTIF(Data!$I$2:$I$1201,A7) -> 0 | C7: =B7/SUM($B$4:$B$7) -> 0

Sheet ZoneMatrix
A1: Unusual rate: source zone (rows) x destination zone (columns)
A3: source \ destination | B3: dmz | C3: external | D3: internal
A4: dmz | B4: =IFERROR(COUNTIFS(Data!$K$2:$K$1201,$A4,Data!$L$2:$L$1201,B$3,Data!$X$2:$X$1201,1)/COUNTIFS(Data!$K$2:$K$1201,$A4,Data!$L$2:$L$1201,B$3),0) -> 0 | C4: =IFERROR(COUNTIFS(Data!$K$2:$K$1201,$A4,Data!$L$2:$L$1201,C$3,Data!$X$2:$X$1201,1)/COUNTIFS(Data!$K$2:$K$1201,$A4,Data!$L$2:$L$1201,C$3),0) -> 0 | D4: =IFERROR(COUNTIFS(Data!$K$2:$K$1201,$A4,Data!$L$2:$L$1201,D$3,Data!$X$2:$X$1201,1)/COUNTIFS(Data!$K$2:$K$1201,$A4,Data!$L$2:$L$1201,D$3),0) -> 0
A5: external | B5: =IFERROR(COUNTIFS(Data!$K$2:$K$1201,$A5,Data!$L$2:$L$1201,B$3,Data!$X$2:$X$1201,1)/COUNTIFS(Data!$K$2:$K$1201,$A5,Data!$L$2:$L$1201,B$3),0) -> 0 | C5: =IFERROR(COUNTIFS(Data!$K$2:$K$1201,$A5,Data!$L$2:$L$1201,C$3,Data!$X$2:$X$1201,1)/COUNTIFS(Data!$K$2:$K$1201,$A5,Data!$L$2:$L$1201,C$3),0) -> 0 | D5: =IFERROR(COUNTIFS(Data!$K$2:$K$1201,$A5,Data!$L$2:$L$1201,D$3,Data!$X$2:$X$1201,1)/COUNTIFS(Data!$K$2:$K$1201,$A5,Data!$L$2:$L$1201,D$3),0) -> 0
A6: internal | B6: =IFERROR(COUNTIFS(Data!$K$2:$K$1201,$A6,Data!$L$2:$L$1201,B$3,Data!$X$2:$X$1201,1)/COUNTIFS(Data!$K$2:$K$1201,$A6,Data!$L$2:$L$1201,B$3),0) -> 0 | C6: =IFERROR(COUNTIFS(Data!$K$2:$K$1201,$A6,Data!$L$2:$L$1201,C$3,Data!$X$2:$X$1201,1)/COUNTIFS(Data!$K$2:$K$1201,$A6,Data!$L$2:$L$1201,C$3),0) -> 0 | D6: =IFERROR(COUNTIFS(Data!$K$2:$K$1201,$A6,Data!$L$2:$L$1201,D$3,Data!$X$2:$X$1201,1)/COUNTIFS(Data!$K$2:$K$1201,$A6,Data!$L$2:$L$1201,D$3),0) -> 0

Sheet Features
A1: Feature comparison: normal vs unusual
A3: Feature | B3: Mean (normal) | C3: Mean (unusual) | D3: Median (normal) | E3: Median (unusual) | F3: StdDev (normal) | G3: StdDev (unusual) | H3: Ratio of means
A4: bytes | B4: =AVERAGEIFS(Data!$E$2:$E$1201,Data!$X$2:$X$1201,0) -> 0 | C4: =AVERAGEIFS(Data!$E$2:$E$1201,Data!$X$2:$X$1201,1) -> 0 | D4: {=MEDIAN(IF(Data!$X$2:$X$1201=0,Data!$E$2:$E$1201))} -> 0 | E4: {=MEDIAN(IF(Data!$X$2:$X$1201=1,Data!$E$2:$E$1201))} -> 0 | F4: {=STDEV(IF(Data!$X$2:$X$1201=0,Data!$E$2:$E$1201))} -> 0 | G4: {=STDEV(IF(Data!$X$2:$X$1201=1,Data!$E$2:$E$1201))} -> 0 | H4: =IF(B4=0,0,C4/B4) -> 0
A5: packets | B5: =AVERAGEIFS(Data!$F$2:$F$1201,Data!$X$2:$X$1201,0) -> 0 | C5: =AVERAGEIFS(Data!$F$2:$F$1201,Data!$X$2:$X$1201,1) -> 0 | D5: {=MEDIAN(IF(Data!$X$2:$X$1201=0,Data!$F$2:$F$1201))} -> 0 | E5: {=MEDIAN(IF(Data!$X$2:$X$1201=1,Data!$F$2:$F$1201))} -> 0 | F5: {=STDEV(IF(Data!$X$2:$X$1201=0,Data!$F$2:$F$1201))} -> 0 | G5: {=STDEV(IF(Data!$X$2:$X$1201=1,Data!$F$2:$F$1201))} -> 0 | H5: =IF(B5=0,0,C5/B5) -> 0
A6: duration | B6: =AVERAGEIFS(Data!$D$2:$D$1201,Data!$X$2:$X$1201,0) -> 0 | C6: =AVERAGEIFS(Data!$D$2:$D$1201,Data!$X$2:$X$1201,1) -> 0 | D6: {=MEDIAN(IF(Data!$X$2:$X$1201=0,Data!$D$2:$D$1201))} -> 0 | E6: {=MEDIAN(IF(Data!$X$2:$X$1201=1,Data!$D$2:$D$1201))} -> 0 | F6: {=STDEV(IF(Data!$X$2:$X$1201=0,Data!$D$2:$D$1201))} -> 0 | G6: {=STDEV(IF(Data!$X$2:$X$1201=1,Data!$D$2:$D$1201))} -> 0 | H6: =IF(B6=0,0,C6/B6) -> 0
A7: bytes_per_packet | B7: =AVERAGEIFS(Data!$S$2:$S$1201,Data!$X$2:$X$1201,0) -> 0 | C7: =AVERAGEIFS(Data!$S$2:$S$1201,Data!$X$2:$X$1201,1) -> 0 | D7: {=MEDIAN(IF(Data!$X$2:$X$1201=0,Data!$S$2:$S$1201))} -> 0 | E7: {=MEDIAN(IF(Data!$X$2:$X$1201=1,Data!$S$2:$S$1201))} -> 0 | F7: {=STDEV(IF(Data!$X$2:$X$1201=0,Data!$S$2:$S$1201))} -> 0 | G7: {=STDEV(IF(Data!$X$2:$X$1201=1,Data!$S$2:$S$1201))} -> 0 | H7: =IF(B7=0,0,C7/B7) -> 0
A8: bytes_per_second | B8: =AVERAGEIFS(Data!$Q$2:$Q$1201,Data!$X$2:$X$1201,0) -> 0 | C8: =AVERAGEIFS(Data!$Q$2:$Q$1201,Data!$X$2:$X$1201,1) -> 0 | D8: {=MEDIAN(IF(Data!$X$2:$X$1201=0,Data!$Q$2:$Q$1201))} -> 0 | E8: {=MEDIAN(IF(Data!$X$2:$X$1201=1,Data!$Q$2:$Q$1201))} -> 0 | F8: {=STDEV(IF(Data!$X$2:$X$1201=0,Data!$Q$2:$Q$1201))} -> 0 | G8: {=STDEV(IF(Data!$X$2:$X$1201=1,Data!$Q$2:$Q$1201))} -> 0 | H8: =IF(B8=0,0,C8/B8) -> 0
A10: Medians are shown alongside means because byte counts are heavily skewed by extreme values.

Sheet Stats
A1: Descriptive statistics (all flows)
A3: Feature | B3: Count | C3: Mean | D3: Median | E3: Std dev | F3: Min | G3: Q1 | H3: Q3 | I3: Max | J3: Skewness
A4: bytes | B4: =COUNT(Data!$E$2:$E$1201) -> 0 | C4: =AVERAGE(Data!$E$2:$E$1201) -> 0 | D4: =MEDIAN(Data!$E$2:$E$1201) -> 0 | E4: =STDEV(Data!$E$2:$E$1201) -> 0 | F4: =MIN(Data!$E$2:$E$1201) -> 0 | G4: =QUARTILE(Data!$E$2:$E$1201,1) -> 0 | H4: =QUARTILE(Data!$E$2:$E$1201,3) -> 0 | I4: =MAX(Data!$E$2:$E$1201) -> 0 | J4: =SKEW(Data!$E$2:$E$1201) -> 0
A5: packets | B5: =COUNT(Data!$F$2:$F$1201) -> 0 | C5: =AVERAGE(Data!$F$2:$F$1201) -> 0 | D5: =MEDIAN(Data!$F$2:$F$1201) -> 0 | E5: =STDEV(Data!$F$2:$F$1201) -> 0 | F5: =MIN(Data!$F$2:$F$1201) -> 0 | G5: =QUARTILE(Data!$F$2:$F$1201,1) -> 0 | H5: =QUARTILE(Data!$F$2:$F$1201,3) -> 0 | I5: =MAX(Data!$F$2:$F$1201) -> 0 | J5: =SKEW(Data!$F$2:$F$1201) -> 0
A6: duration | B6: =COUNT(Data!$D$2:$D$1201) -> 0 | C6: =AVERAGE(Data!$D$2:$D$1201) -> 0 | D6: =MEDIAN(Data!$D$2:$D$1201) -> 0 | E6: =STDEV(Data!$D$2:$D$1201) -> 0 | F6: =MIN(Data!$D$2:$D$1201) -> 0 | G6: =QUARTILE(Data!$D$2:$D$1201,1) -> 0 | H6: =QUARTILE(Data!$D$2:$D$1201,3) -> 0 | I6: =MAX(Data!$D$2:$D$1201) -> 0 | J6: =SKEW(Data!$D$2:$D$1201) -> 0
A7: bytes_per_packet | B7: =COUNT(Data!$S$2:$S$1201) -> 0 | C7: =AVERAGE(Data!$S$2:$S$1201) -> 0 | D7: =MEDIAN(Data!$S$2:$S$1201) -> 0 | E7: =STDEV(Data!$S$2:$S$1201) -> 0 | F7: =MIN(Data!$S$2:$S$1201) -> 0 | G7: =QUARTILE(Data!$S$2:$S$1201,1) -> 0 | H7: =QUARTILE(Data!$S$2:$S$1201,3) -> 0 | I7: =MAX(Data!$S$2:$S$1201) -> 0 | J7: =SKEW(Data!$S$2:$S$1201) -> 0
A8: bytes_per_second | B8: =COUNT(Data!$Q$2:$Q$1201) -> 0 | C8: =AVERAGE(Data!$Q$2:$Q$1201) -> 0 | D8: =MEDIAN(Data!$Q$2:$Q$1201) -> 0 | E8: =STDEV(Data!$Q$2:$Q$1201) -> 0 | F8: =MIN(Data!$Q$2:$Q$1201) -> 0 | G8: =QUARTILE(Data!$Q$2:$Q$1201,1) -> 0 | H8: =QUARTILE(Data!$Q$2:$Q$1201,3) -> 0 | I8: =MAX(Data!$Q$2:$Q$1201) -> 0 | J8: =SKEW(Data!$Q$2:$Q$1201) -> 0
A11: Correlation with unusual flag
A12: Feature | B12: CORREL with is_unusual
A13: bytes | B13: =CORREL(Data!$E$2:$E$1201,Data!$X$2:$X$1201) -> 0
A14: packets | B14: =CORREL(Data!$F$2:$F$1201,Data!$X$2:$X$1201) -> 0
A15: duration | B15: =CORREL(Data!$D$2:$D$1201,Data!$X$2:$X$1201) -> 0
A16: bytes_per_packet | B16: =CORREL(Data!$S$2:$S$1201,Data!$X$2:$X$1201) -> 0
A17: bytes_per_second | B17: =CORREL(Data!$Q$2:$Q$1201,Data!$X$2:$X$1201) -> 0
A19: Extreme-byte flows (flagged) | B19: =SUM(Data!$V$2:$V$1201) -> 0

Sheet Pivots
A1: Create the real PivotTables here (Data sheet > click any cell > Insert > PivotTable > New Worksheet):
A2: Pivot1: Rows = protocol | Columns = label | Values = Count of flow_id -> PivotChart: Stacked column
A3: Pivot2: Rows = hour | Values = Count of flow_id and Average of bytes -> PivotChart: Line
A4: Pivot3: Rows = host_group | Columns = label | Values = Count of flow_id -> PivotChart: Stacked bar
A5: Pivot4: Rows = source_zone | Columns = destination_zone | Values = Count of flow_id -> Conditional Formatting > Color Scales
A6: Pivot5: Rows = port_category | Values = Count of flow_id and Average of bytes_per_packet -> PivotChart: Column
A7: Add Slicers on protocol and maintenance_window. Rename the new sheets Pivot1 ... Pivot5.
A8: Tip: in each pivot, set Values to 'Show Values As > % of Row Total' to see event mix per category.
